{"text": " Outra coisa que eu quero que voc\u00ea coloque no seu texto inicial do SDR, de todo mundo que est\u00e1 chegando novo, \u00e9 sempre voc\u00ea ver de onde est\u00e1 vindo o lead. Por exemplo, se voc\u00ea perceber, est\u00e1 mostrando na mensagem o pr\u00f3prio post no Instagram de onde a pessoa est\u00e1 vindo. Mostra que ele est\u00e1 vindo de um criativo que a gente fez para o 33. Ent\u00e3o, voc\u00ea j\u00e1 sabe de onde a pessoa est\u00e1 vindo, que ela est\u00e1 interessada no 33. Ent\u00e3o, j\u00e1 olha qual \u00e9 esse criativo e j\u00e1 direciona a conversa para isso. E outra coisa, eu quero que voc\u00ea n\u00e3o d\u00ea informa\u00e7\u00f5es que voc\u00ea ainda n\u00e3o tem certeza ou que podem ser mudadas. Voc\u00ea est\u00e1 falando a\u00ed sobre locais de fase 1 e fase 3, na Cosmopharma e tudo mais, n\u00e3o d\u00ea informa\u00e7\u00f5es que tudo isso pode mudar e depois os alunos v\u00e3o querer usar isso como prova.", "segments": [{"id": 0, "seek": 0, "start": 0.6, "end": 7.38, "text": " Outra coisa que eu quero que voc\u00ea coloque no seu texto inicial do SDR, de todo mundo que est\u00e1 chegando novo,", "tokens": [50395, 5925, 424, 9614, 631, 2228, 18738, 631, 2723, 1173, 29743, 572, 7986, 35503, 44076, 360, 318, 9301, 11, 368, 5149, 7968, 631, 3192, 22115, 1806, 18246, 11, 50734], "temperature": 0.0, "avg_logprob": -0.10933951114086395, "compression_ratio": 1.5871559633027523, "no_speech_prob": 5.02535166257978e-12}, {"id": 1, "seek": 0, "start": 7.86, "end": 12.26, "text": " \u00e9 sempre voc\u00ea ver de onde est\u00e1 vindo o lead.", "tokens": [50758, 1136, 9553, 2723, 1306, 368, 14396, 3192, 371, 10306, 277, 1477, 13, 50978], "temperature": 0.0, "avg_logprob": -0.10933951114086395, "compression_ratio": 1.5871559633027523, "no_speech_prob": 5.02535166257978e-12}, {"id": 2, "seek": 0, "start": 12.540000000000001, "end": 21.54, "text": " Por exemplo, se voc\u00ea perceber, est\u00e1 mostrando na mensagem o pr\u00f3prio post no Instagram de onde a pessoa est\u00e1 vindo.", "tokens": [50992, 5269, 16496, 11, 369, 2723, 49376, 11, 3192, 881, 19845, 1667, 10923, 14767, 277, 36394, 2183, 572, 5281, 368, 14396, 257, 16366, 3192, 371, 10306, 13, 51442], "temperature": 0.0, "avg_logprob": -0.10933951114086395, "compression_ratio": 1.5871559633027523, "no_speech_prob": 5.02535166257978e-12}, {"id": 3, "seek": 0, "start": 21.92, "end": 26.18, "text": " Mostra que ele est\u00e1 vindo de um criativo que a gente fez para o 33.", "tokens": [51461, 4534, 424, 631, 1118, 3192, 371, 10306, 368, 1105, 12815, 18586, 631, 257, 3788, 21714, 1690, 277, 11816, 13, 51674], "temperature": 0.0, "avg_logprob": -0.10933951114086395, "compression_ratio": 1.5871559633027523, "no_speech_prob": 5.02535166257978e-12}, {"id": 4, "seek": 2618, "start": 26.18, "end": 31.84, "text": " Ent\u00e3o, voc\u00ea j\u00e1 sabe de onde a pessoa est\u00e1 vindo, que ela est\u00e1 interessada no 33.", "tokens": [50365, 6469, 11, 2723, 6242, 12275, 368, 14396, 257, 16366, 3192, 371, 10306, 11, 631, 7175, 3192, 12478, 1538, 572, 11816, 13, 50648], "temperature": 0.0, "avg_logprob": -0.09947655417702415, "compression_ratio": 1.5316455696202531, "no_speech_prob": 2.9909124222432526e-12}, {"id": 5, "seek": 2618, "start": 32.12, "end": 37.16, "text": " Ent\u00e3o, j\u00e1 olha qual \u00e9 esse criativo e j\u00e1 direciona a conversa para isso.", "tokens": [50662, 6469, 11, 6242, 23550, 4101, 1136, 6755, 12815, 18586, 308, 6242, 1264, 10015, 64, 257, 2615, 64, 1690, 4616, 13, 50914], "temperature": 0.0, "avg_logprob": -0.09947655417702415, "compression_ratio": 1.5316455696202531, "no_speech_prob": 2.9909124222432526e-12}, {"id": 6, "seek": 2618, "start": 37.78, "end": 48.28, "text": " E outra coisa, eu quero que voc\u00ea n\u00e3o d\u00ea informa\u00e7\u00f5es que voc\u00ea ainda n\u00e3o tem certeza ou que podem ser mudadas.", "tokens": [50945, 462, 12301, 9614, 11, 2228, 18738, 631, 2723, 2431, 274, 1307, 42542, 631, 2723, 11804, 2431, 1383, 30424, 2820, 631, 20934, 816, 8933, 6872, 13, 51470], "temperature": 0.0, "avg_logprob": -0.09947655417702415, "compression_ratio": 1.5316455696202531, "no_speech_prob": 2.9909124222432526e-12}, {"id": 7, "seek": 2618, "start": 48.28, "end": 55.7, "text": " Voc\u00ea est\u00e1 falando a\u00ed sobre locais de fase 1 e fase 3, na Cosmopharma e tudo mais,", "tokens": [51470, 9781, 3192, 21236, 7461, 5473, 47965, 271, 368, 33931, 502, 308, 33931, 805, 11, 1667, 15855, 76, 5317, 36159, 308, 9379, 2420, 11, 51841], "temperature": 0.0, "avg_logprob": -0.09947655417702415, "compression_ratio": 1.5316455696202531, "no_speech_prob": 2.9909124222432526e-12}, {"id": 8, "seek": 5570, "start": 55.7, "end": 62.88, "text": " n\u00e3o d\u00ea informa\u00e7\u00f5es que tudo isso pode mudar e depois os alunos v\u00e3o querer usar isso como prova.", "tokens": [50365, 2431, 274, 1307, 42542, 631, 9379, 4616, 7468, 42281, 308, 13880, 3003, 419, 409, 329, 18766, 39318, 14745, 4616, 2617, 28959, 13, 50724], "temperature": 0.0, "avg_logprob": -0.11221668243408203, "compression_ratio": 1.098901098901099, "no_speech_prob": 5.270402603924085e-12}], "language": "Portuguese"}